date,open,close,high,low,volume,code
2014-01-02,6.823,6.957,7.067,6.818,57696.0,002237
2014-01-03,6.982,6.883,7.022,6.799,36022.0,002237
2014-01-06,6.803,6.813,6.947,6.769,32815.0,002237
2014-01-07,6.794,6.933,6.933,6.729,36851.0,002237
2014-01-08,6.868,6.774,6.918,6.754,34291.0,002237
2014-01-09,6.774,6.679,6.828,6.654,24933.0,002237
2014-01-10,6.679,6.764,6.868,6.679,27480.0,002237
2014-01-13,6.863,6.893,6.997,6.863,41558.0,002237
2014-01-14,6.908,6.943,6.987,6.868,33751.0,002237
2014-01-15,6.898,6.838,6.903,6.784,31532.0,002237
2014-01-16,6.813,6.943,6.977,6.759,48179.0,002237
2014-01-17,6.878,6.883,6.913,6.803,33926.0,002237
2014-01-20,6.913,7.017,7.032,6.898,59993.0,002237
2014-01-21,7.022,7.017,7.037,6.947,45674.0,002237
2014-01-22,6.977,7.101,7.126,6.952,63802.0,002237
2014-01-23,7.047,7.037,7.126,7.022,49044.0,002237
2014-01-24,7.141,7.161,7.34,7.072,95742.0,002237
2014-01-27,7.171,7.29,7.37,7.111,95823.0,002237
2014-01-28,7.131,7.201,7.275,7.002,79615.0,002237
2014-01-29,7.057,7.096,7.151,7.022,38222.0,002237
2014-01-30,7.136,7.067,7.176,6.982,40835.0,002237
2014-02-07,6.957,7.126,7.136,6.863,48117.0,002237
2014-02-10,7.126,7.335,7.335,7.091,89158.0,002237
2014-02-11,7.3,7.509,7.573,7.255,126279.0,002237
2014-02-12,7.489,7.489,7.529,7.389,104521.0,002237
2014-02-13,7.499,7.548,7.846,7.479,120329.0,002237
2014-02-14,7.727,7.598,7.797,7.558,68609.0,002237
2014-02-17,7.856,7.687,7.946,7.623,92907.0,002237
2014-02-18,7.692,7.434,7.692,7.404,91020.0,002237
2014-02-19,7.404,7.479,7.583,7.399,67874.0,002237
2014-02-20,7.429,7.305,7.469,7.29,55653.0,002237
2014-02-21,7.31,7.211,7.389,7.151,56279.0,002237
2014-02-24,7.221,7.236,7.25,7.106,39317.0,002237
2014-02-25,7.35,7.052,7.414,7.032,65008.0,002237
2014-02-26,7.067,7.593,7.687,7.067,137561.0,002237
2014-02-27,7.389,7.25,7.444,7.201,92849.0,002237
2014-02-28,7.25,7.424,7.538,7.201,88991.0,002237
2014-03-03,7.593,7.648,7.697,7.424,108316.0,002237
2014-03-04,7.747,7.499,7.886,7.444,165513.0,002237
2014-03-05,7.3,7.245,7.33,7.161,84247.0,002237
2014-03-06,7.245,7.245,7.29,7.201,41511.0,002237
2014-03-07,7.32,7.25,7.37,7.211,43860.0,002237
2014-03-10,7.091,6.883,7.096,6.853,65125.0,002237
2014-03-11,6.883,6.903,6.938,6.803,30793.0,002237
2014-03-12,6.938,7.057,7.077,6.903,44754.0,002237
2014-03-13,7.176,7.057,7.221,7.042,43152.0,002237
2014-03-14,7.126,7.022,7.166,6.962,29164.0,002237
2014-03-17,7.126,7.146,7.166,7.042,31373.0,002237
2014-03-18,7.052,6.997,7.052,6.972,41656.0,002237
2014-03-19,6.947,6.918,6.947,6.873,23493.0,002237
2014-03-20,6.823,6.699,6.858,6.699,40139.0,002237
2014-03-21,6.724,6.843,6.868,6.65,22631.0,002237
2014-03-24,6.813,6.828,6.843,6.769,25038.0,002237
2014-03-25,6.784,6.848,6.928,6.734,27905.0,002237
2014-03-26,6.843,6.843,6.893,6.764,20799.0,002237
2014-03-27,6.774,6.739,6.823,6.704,20244.0,002237
2014-03-28,6.749,6.709,6.784,6.679,23395.0,002237
2014-03-31,6.704,6.729,6.789,6.694,15656.0,002237
2014-04-01,6.684,6.729,6.744,6.635,21676.0,002237
2014-04-02,6.729,6.759,6.759,6.674,20206.0,002237
2014-04-03,6.764,6.808,6.838,6.754,25250.0,002237
2014-04-04,6.769,6.789,6.808,6.679,20451.0,002237
2014-04-08,6.719,6.898,6.898,6.719,35951.0,002237
2014-04-09,6.903,6.903,6.933,6.858,27419.0,002237
2014-04-10,6.903,6.918,6.933,6.858,27048.0,002237
2014-04-11,6.923,6.933,6.977,6.903,26843.0,002237
2014-04-14,6.943,6.952,7.007,6.903,24304.0,002237
2014-04-15,6.938,6.808,6.943,6.803,31873.0,002237
2014-04-16,6.779,6.744,6.779,6.704,21660.0,002237
2014-04-17,6.764,6.729,6.779,6.724,12506.0,002237
2014-04-18,6.729,6.754,6.764,6.699,10313.0,002237
2014-04-21,6.749,6.56,6.754,6.55,27393.0,002237
2014-04-22,6.565,6.625,6.625,6.555,17843.0,002237
2014-04-23,6.625,6.605,6.64,6.59,10809.0,002237
2014-04-24,6.6,6.63,6.679,6.595,14640.0,002237
2014-04-25,6.605,6.535,6.664,6.535,19450.0,002237
2014-04-28,6.57,6.62,6.63,6.506,29041.0,002237
2014-04-29,6.515,6.312,6.545,6.163,56271.0,002237
2014-04-30,6.302,6.282,6.302,6.178,20712.0,002237
2014-05-05,6.302,6.361,6.386,6.302,20597.0,002237
2014-05-06,6.361,6.337,6.376,6.302,16634.0,002237
2014-05-07,6.307,6.257,6.332,6.203,18038.0,002237
2014-05-08,6.183,6.257,6.282,6.138,21083.0,002237
2014-05-09,6.252,6.282,6.366,6.208,20124.0,002237
2014-05-12,6.307,6.625,6.724,6.247,76408.0,002237
2014-05-13,6.625,6.525,6.625,6.476,28823.0,002237
2014-05-14,6.461,6.471,6.54,6.441,15617.0,002237
2014-05-15,6.501,6.386,6.64,6.366,29990.0,002237
2014-05-16,6.332,6.436,6.446,6.257,16953.0,002237
2014-05-19,6.361,6.401,6.421,6.292,11437.0,002237
2014-05-20,6.416,6.396,6.53,6.371,16407.0,002237
2014-05-21,6.396,6.441,6.491,6.381,11706.0,002237
2014-05-22,6.421,6.396,6.481,6.396,10834.0,002237
2014-05-23,6.371,6.406,6.441,6.371,9735.0,002237
2014-05-26,6.421,6.401,6.456,6.386,15074.0,002237
2014-05-27,6.401,6.317,6.431,6.297,18615.0,002237
2014-05-28,6.267,6.297,6.302,6.208,25361.0,002237
2014-05-29,6.282,6.252,6.297,6.232,13719.0,002237
2014-05-30,6.242,6.257,6.287,6.217,13488.0,002237
2014-06-03,6.247,6.247,6.277,6.198,13945.0,002237
2014-06-04,6.217,6.198,6.252,6.188,13010.0,002237
2014-06-05,6.213,6.262,6.287,6.178,14056.0,002237
2014-06-06,6.287,6.282,6.347,6.262,16786.0,002237
2014-06-09,6.272,6.217,6.272,6.203,12957.0,002237
2014-06-10,6.217,6.277,6.282,6.188,19016.0,002237
2014-06-11,6.282,6.247,6.302,6.242,18400.0,002237
2014-06-12,6.252,6.252,6.302,6.237,19047.0,002237
2014-06-13,6.337,6.302,6.342,6.287,34670.0,002237
2014-06-16,6.337,6.376,6.391,6.327,32116.0,002237
2014-06-17,6.332,6.222,6.337,6.217,27362.0,002237
2014-06-18,6.232,6.217,6.282,6.173,26821.0,002237
2014-06-19,6.217,6.148,6.237,6.059,23292.0,002237
2014-06-20,6.456,6.307,6.52,6.307,72249.0,002237
2014-06-23,6.347,6.436,6.496,6.217,72037.0,002237
2014-06-24,6.381,6.391,6.436,6.312,36329.0,002237
2014-06-25,6.357,6.287,6.361,6.262,23632.0,002237
2014-06-26,6.287,6.317,6.396,6.287,27338.0,002237
2014-06-27,6.257,6.327,6.371,6.247,28676.0,002237
2014-06-30,6.307,6.342,6.366,6.277,28207.0,002237
2014-07-01,6.386,6.486,6.61,6.361,72905.0,002237
2014-07-02,6.481,6.496,6.53,6.406,37683.0,002237
2014-07-03,6.496,6.55,6.63,6.496,60580.0,002237
2014-07-04,6.51,6.456,6.535,6.441,34168.0,002237
2014-07-07,6.456,6.391,6.461,6.361,30215.0,002237
2014-07-08,6.376,6.406,6.436,6.376,18910.0,002237
2014-07-09,6.426,6.441,6.496,6.401,42440.0,002237
2014-07-10,6.481,6.456,6.486,6.381,29407.0,002237
2014-07-11,6.555,6.55,6.64,6.525,64952.0,002237
2014-07-14,6.501,6.54,6.58,6.446,46775.0,002237
2014-07-15,6.456,6.466,6.481,6.406,36453.0,002237
2014-07-16,6.421,6.451,6.456,6.386,32469.0,002237
2014-07-17,6.456,6.555,6.575,6.416,50293.0,002237
2014-07-18,6.669,6.55,6.784,6.53,80584.0,002237
2014-07-21,6.481,6.456,6.506,6.396,39101.0,002237
2014-07-22,6.431,6.55,6.585,6.411,52119.0,002237
2014-07-23,6.555,6.585,6.704,6.506,64777.0,002237
2014-07-24,6.555,6.684,6.749,6.456,86472.0,002237
2014-07-25,6.635,6.898,6.972,6.635,159939.0,002237
2014-07-28,6.977,7.027,7.166,6.838,182565.0,002237
2014-07-29,6.962,6.967,7.077,6.933,104843.0,002237
2014-07-30,6.947,6.898,7.022,6.853,76452.0,002237
2014-07-31,6.923,7.394,7.588,6.893,336989.0,002237
2014-08-01,7.25,7.087,7.315,7.082,186498.0,002237
2014-08-04,7.091,7.181,7.196,7.057,94381.0,002237
2014-08-05,7.186,7.201,7.275,7.116,89789.0,002237
2014-08-06,7.141,7.285,7.345,7.096,105113.0,002237
2014-08-07,7.439,7.156,7.484,7.151,112747.0,002237
2014-08-08,7.206,7.697,7.871,7.166,315843.0,002237
2014-08-11,7.499,7.677,7.727,7.449,173381.0,002237
2014-08-12,7.623,7.588,7.648,7.529,85147.0,002237
2014-08-13,7.548,7.613,7.737,7.464,87194.0,002237
2014-08-14,7.588,7.394,7.692,7.375,107067.0,002237
2014-08-15,7.384,7.345,7.419,7.191,98029.0,002237
2014-08-18,7.275,7.325,7.404,7.25,65426.0,002237
2014-08-19,7.35,7.399,7.484,7.305,80134.0,002237
2014-08-20,7.409,7.315,7.409,7.29,56467.0,002237
2014-08-21,7.265,7.221,7.36,7.166,61096.0,002237
2014-08-22,7.201,7.33,7.37,7.186,70121.0,002237
2014-08-25,7.315,7.191,7.375,7.166,52016.0,002237
2014-08-26,7.191,7.151,7.24,7.027,71375.0,002237
2014-08-27,7.067,7.091,7.161,7.067,35020.0,002237
2014-08-28,7.116,7.007,7.146,6.967,44282.0,002237
2014-08-29,7.007,7.072,7.077,7.007,35862.0,002237
2014-09-01,7.052,7.171,7.181,7.052,48518.0,002237
2014-09-02,7.131,7.236,7.265,7.126,63331.0,002237
2014-09-03,7.181,7.25,7.275,7.156,92269.0,002237
2014-09-04,7.25,7.295,7.325,7.206,98737.0,002237
2014-09-05,7.285,7.34,7.37,7.236,93599.0,002237
2014-09-09,7.29,7.24,7.315,7.206,62840.0,002237
2014-09-10,7.211,7.24,7.255,7.161,54723.0,002237
2014-09-11,7.211,7.345,7.389,7.186,97136.0,002237
2014-09-12,7.31,7.31,7.33,7.231,64438.0,002237
2014-09-15,7.29,7.394,7.434,7.25,97323.0,002237
2014-09-16,7.38,7.34,7.687,7.34,167021.0,002237
2014-09-17,7.325,7.583,7.623,7.295,165654.0,002237
2014-09-18,7.514,7.484,7.514,7.404,82736.0,002237
2014-09-19,7.399,7.399,7.464,7.315,70725.0,002237
2014-09-22,7.35,7.196,7.384,7.186,72601.0,002237
2014-09-23,7.206,7.226,7.275,7.206,47779.0,002237
2014-09-24,7.24,7.36,7.375,7.236,59063.0,002237
2014-09-25,7.345,7.295,7.414,7.28,63059.0,002237
2014-09-26,7.38,7.375,7.464,7.32,59148.0,002237
2014-09-29,7.409,7.394,7.439,7.33,65847.0,002237
2014-09-30,7.399,7.479,7.529,7.394,88728.0,002237
2014-10-08,7.464,7.459,7.464,7.36,74661.0,002237
2014-10-09,7.504,7.608,7.687,7.389,150362.0,002237
2014-10-10,7.529,7.449,7.588,7.429,81778.0,002237
2014-10-13,7.474,7.608,7.638,7.454,99191.0,002237
2014-10-14,7.648,7.543,7.677,7.509,90481.0,002237
2014-10-15,7.524,7.489,7.543,7.384,68691.0,002237
2014-10-16,7.514,7.633,7.817,7.514,181041.0,002237
2014-10-17,7.583,7.479,7.583,7.35,108231.0,002237
2014-10-20,7.494,7.484,7.519,7.365,58950.0,002237
2014-10-21,7.489,7.598,7.613,7.459,90853.0,002237
2014-10-22,7.538,7.325,7.588,7.315,71009.0,002237
2014-10-23,7.325,7.082,7.37,7.052,69154.0,002237
2014-10-24,7.052,7.072,7.126,7.002,35154.0,002237
2014-10-27,7.047,7.082,7.136,7.022,26633.0,002237
2014-10-28,7.082,7.236,7.26,7.082,42834.0,002237
2014-10-29,7.26,7.31,7.315,7.211,66490.0,002237
2014-10-30,7.25,7.429,7.583,7.201,114652.0,002237
2014-10-31,7.355,7.454,7.489,7.325,114513.0,002237
2014-11-03,7.394,7.787,8.194,7.375,213570.0,002237
2014-11-04,7.846,7.831,7.921,7.668,151918.0,002237
2014-11-05,7.797,7.926,8.119,7.782,160251.0,002237
2014-11-06,7.836,8.194,8.373,7.797,217634.0,002237
2014-11-07,8.045,8.055,8.169,7.995,144824.0,002237
2014-11-10,8.114,8.005,8.134,7.831,127566.0,002237
2014-11-11,8.015,7.697,8.015,7.543,140191.0,002237
2014-11-12,7.673,7.807,7.826,7.638,70181.0,002237
2014-11-13,7.752,7.896,7.995,7.593,120552.0,002237
2014-11-14,7.866,7.767,7.866,7.668,56814.0,002237
2014-11-17,7.921,7.995,8.06,7.797,153907.0,002237
2014-11-18,7.936,7.896,7.975,7.821,61628.0,002237
2014-11-19,7.946,7.797,8.045,7.747,81598.0,002237
2014-11-20,7.747,7.767,7.841,7.697,50280.0,002237
2014-11-21,7.757,7.812,7.826,7.697,59974.0,002237
2014-11-24,7.921,8.105,8.154,7.821,172188.0,002237
2014-11-25,8.1,8.775,8.864,8.045,322963.0,002237
2014-11-26,8.74,8.556,8.74,8.447,205167.0,002237
2014-11-27,8.566,8.676,8.691,8.452,133483.0,002237
2014-11-28,8.889,8.502,9.038,8.368,276715.0,002237
2014-12-01,8.249,8.283,8.368,8.105,153031.0,002237
2014-12-02,8.487,8.378,8.532,8.323,156462.0,002237
2014-12-03,8.283,8.71,9.023,8.194,278811.0,002237
2014-12-04,8.71,8.805,8.889,8.631,201916.0,002237
2014-12-05,8.82,8.348,8.844,8.154,174076.0,002237
2014-12-08,8.293,8.502,8.576,8.204,127929.0,002237
2014-12-09,8.462,8.169,8.835,8.134,205420.0,002237
2014-12-10,8.442,8.561,8.581,8.273,145086.0,002237
2014-12-11,8.467,8.601,8.641,8.398,127613.0,002237
2014-12-12,8.571,8.686,8.765,8.552,110200.0,002237
2014-12-15,8.641,8.621,8.661,8.482,76090.0,002237
2014-12-16,8.527,8.527,8.547,8.353,107922.0,002237
2014-12-17,8.477,8.338,8.517,8.219,100202.0,002237
2014-12-18,8.313,8.358,8.477,8.244,79861.0,002237
2014-12-19,8.303,8.373,8.467,8.149,96145.0,002237
2014-12-22,8.323,8.259,8.581,8.085,127822.0,002237
2014-12-23,8.085,7.762,8.085,7.702,99423.0,002237
2014-12-24,7.792,7.881,7.901,7.702,68785.0,002237
2014-12-25,7.881,7.97,7.985,7.812,53663.0,002237
2014-12-26,7.98,8.07,8.114,7.956,70217.0,002237
2014-12-29,8.134,8.124,8.432,8.035,76629.0,002237
2014-12-30,8.085,7.831,8.085,7.797,63625.0,002237
2014-12-31,7.946,8.05,8.134,7.926,72193.0,002237
2015-01-05,7.985,8.487,8.571,7.951,184851.0,002237
2015-01-06,8.472,8.403,8.581,8.204,125184.0,002237
2015-01-07,8.492,8.79,9.187,8.482,253326.0,002237
2015-01-08,8.621,8.606,8.765,8.547,127281.0,002237
2015-01-09,8.606,8.537,8.82,8.532,99971.0,002237
2015-01-12,8.676,8.671,8.81,8.457,98890.0,002237
2015-01-13,8.765,8.596,8.899,8.591,116722.0,002237
2015-01-14,8.556,8.348,8.556,8.244,87030.0,002237
2015-01-15,8.353,8.398,8.437,8.254,48819.0,002237
2015-01-16,8.939,8.705,9.008,8.606,138893.0,002237
2015-02-02,8.442,8.542,8.874,8.393,118901.0,002237
2015-02-03,8.581,8.993,8.993,8.432,131736.0,002237
2015-02-04,8.879,8.785,8.989,8.765,92043.0,002237
2015-02-05,8.989,8.656,9.023,8.641,80756.0,002237
2015-02-06,8.606,9.137,9.416,8.492,238458.0,002237
2015-02-09,9.088,9.291,9.326,8.755,162574.0,002237
2015-02-10,9.202,9.018,9.227,8.864,122749.0,002237
2015-02-11,8.964,9.088,9.152,8.939,73717.0,002237
2015-02-12,9.038,8.825,9.078,8.78,92286.0,002237
2015-02-13,8.879,8.949,9.123,8.83,99215.0,002237
2015-02-16,8.944,8.894,9.013,8.869,92495.0,002237
2015-02-17,8.894,8.929,9.008,8.894,58639.0,002237
2015-02-25,8.874,8.715,8.874,8.626,83060.0,002237
2015-02-26,8.725,8.919,8.929,8.626,71232.0,002237
2015-02-27,8.889,9.237,9.286,8.815,147042.0,002237
2015-03-02,9.237,9.331,9.426,9.142,199280.0,002237
2015-03-03,9.192,9.103,9.262,9.103,98327.0,002237
2015-03-04,9.083,9.257,9.286,8.954,75532.0,002237
2015-03-05,9.247,9.321,9.485,9.202,94562.0,002237
2015-03-06,9.426,9.291,9.475,9.172,93651.0,002237
2015-03-09,9.137,9.843,10.007,9.043,206382.0,002237
2015-03-10,9.684,9.684,9.887,9.599,167215.0,002237
2015-03-11,9.733,9.579,9.818,9.416,88346.0,002237
2015-03-12,9.679,9.485,9.753,9.336,99150.0,002237
2015-03-13,9.485,9.748,9.793,9.485,92800.0,002237
2015-03-16,9.798,9.887,9.952,9.768,114474.0,002237
2015-03-17,9.972,9.922,10.121,9.833,132977.0,002237
2015-03-18,9.922,10.22,10.255,9.833,170880.0,002237
2015-03-19,10.379,10.389,10.876,10.27,286393.0,002237
2015-03-20,10.578,10.329,10.617,10.23,184893.0,002237
2015-03-23,10.553,10.776,11.054,10.528,325763.0,002237
2015-03-24,10.826,11.154,11.253,10.677,392526.0,002237
2015-03-25,11.169,11.149,11.303,10.945,244177.0,002237
2015-03-26,11.144,11.179,11.417,10.985,185173.0,002237
2015-03-27,11.308,11.511,11.745,11.298,242449.79,002237
2015-03-30,11.526,11.521,11.566,11.323,160293.0,002237
2015-03-31,11.472,11.203,11.472,11.174,183983.0,002237
2015-04-01,11.248,11.854,11.859,11.169,226032.0,002237
2015-04-02,12.023,12.986,13.041,12.018,327925.0,002237
2015-04-03,12.986,13.532,13.582,12.768,285135.0,002237
2015-04-07,13.612,14.228,14.228,13.537,257762.0,002237
2015-04-08,14.307,13.915,14.446,12.912,274002.0,002237
2015-04-09,15.241,15.047,15.241,13.915,451153.0,002237
2015-04-10,14.898,16.552,16.552,14.575,348491.0,002237
2015-04-13,17.182,16.656,17.937,16.586,428143.0,002237
2015-04-14,16.005,15.176,16.388,15.126,400313.0,002237
2015-04-15,15.196,14.531,15.196,14.501,271662.0,002237
2015-04-16,14.12,13.98,14.75,13.08,517582.0,002237
2015-04-17,14.13,14.02,14.54,13.91,535333.0,002237
2015-04-20,13.94,13.8,14.49,13.4,540935.0,002237
2015-04-21,13.56,14.19,14.24,13.48,470425.0,002237
2015-04-22,14.2,15.13,15.37,14.09,725855.0,002237
2015-04-23,14.73,15.13,15.5,14.63,606800.0,002237
2015-04-24,14.86,14.78,15.25,14.6,394118.0,002237
2015-04-27,14.78,14.56,14.95,14.3,474021.0,002237
2015-04-28,14.78,14.15,14.88,13.99,410346.0,002237
2015-04-29,14.35,15.57,15.57,14.21,841481.0,002237
2015-04-30,15.98,14.92,15.99,14.8,710228.0,002237
2015-05-04,14.5,14.42,14.75,14.16,357067.0,002237
2015-05-05,14.6,13.89,14.69,13.71,326731.0,002237
2015-05-06,13.99,13.57,14.23,13.43,249471.0,002237
2015-05-07,13.57,13.08,13.71,12.96,229958.0,002237
2015-05-08,13.3,13.51,13.62,13.1,247598.0,002237
2015-05-11,13.8,14.05,14.05,13.6,252356.0,002237
2015-05-12,14.05,13.97,14.07,13.77,299465.0,002237
2015-05-13,14.01,14.48,14.75,13.91,455078.0,002237
2015-05-14,14.97,14.69,15.18,14.38,458137.0,002237
2015-05-15,14.76,14.12,14.83,14.0,310336.0,002237
2015-05-18,14.02,14.66,15.12,13.82,376838.0,002237
2015-05-19,14.43,14.7,14.94,14.29,418585.0,002237
2015-05-20,14.55,14.98,15.21,14.37,667960.0,002237
2015-05-21,14.98,15.72,15.86,14.72,778940.0,002237
2015-05-22,15.85,15.69,15.98,15.21,698067.0,002237
2015-05-25,15.51,15.91,15.95,15.41,712490.0,002237
2015-05-26,16.06,16.81,16.96,15.7,845468.0,002237
2015-05-27,16.57,16.6,16.81,16.15,682140.0,002237
2015-05-28,16.6,14.94,16.91,14.94,711705.0,002237
2015-05-29,14.67,14.39,15.06,13.6,492290.0,002237
2015-06-01,14.43,15.12,15.15,14.25,386288.0,002237
2015-06-02,15.02,15.87,15.87,14.9,483276.0,002237
2015-06-03,15.88,16.2,16.43,15.59,608157.0,002237
2015-06-04,16.0,15.91,16.02,14.84,489475.0,002237
2015-06-05,15.95,16.87,16.95,15.95,990277.0,002237
2015-06-08,17.0,17.05,17.49,16.67,844802.0,002237
2015-06-09,17.05,16.72,17.06,16.5,479882.0,002237
2015-06-10,16.68,16.6,16.82,16.02,426361.0,002237
2015-06-11,16.66,17.14,17.2,16.42,492409.0,002237
2015-06-12,17.15,16.92,17.28,16.73,481149.0,002237
2015-06-15,16.9,17.05,17.46,16.31,715521.0,002237
2015-06-16,16.58,15.95,16.84,15.7,468195.0,002237
2015-06-17,15.97,16.14,16.15,15.0,361568.0,002237
2015-06-18,16.09,15.51,16.49,15.5,348974.0,002237
2015-06-19,15.42,14.12,15.95,14.0,390128.0,002237
2015-06-23,13.91,14.08,14.26,12.95,312366.0,002237
2015-06-24,14.2,14.34,14.44,13.98,304863.0,002237
2015-06-25,14.35,13.36,14.35,13.21,330339.0,002237
2015-06-26,12.97,12.02,13.07,12.02,384406.0,002237
2015-06-29,12.4,10.98,12.48,10.82,358004.0,002237
2015-06-30,10.9,11.97,11.97,10.13,365773.0,002237
2015-07-01,11.9,11.2,12.19,11.05,289743.0,002237
2015-07-02,11.34,10.37,11.44,10.2,261392.0,002237
2015-07-03,10.0,9.55,10.8,9.37,316742.0,002237
2015-07-06,10.51,10.0,10.51,8.81,390573.0,002237
2015-07-07,9.7,9.0,9.9,9.0,276846.0,002237
2015-07-08,8.1,9.16,9.5,8.1,686247.0,002237
2015-07-09,9.16,10.08,10.08,9.16,344316.0,002237
2015-07-10,10.3,11.09,11.09,10.3,337136.0,002237
2015-07-13,11.5,12.2,12.2,11.1,554520.0,002237
2015-07-14,11.85,11.52,12.48,11.45,466029.0,002237
2015-07-15,11.24,10.37,11.32,10.37,275381.0,002237
2015-07-16,10.37,10.59,10.95,9.88,225655.0,002237
2015-07-17,10.6,11.29,11.42,10.6,204440.0,002237
2015-07-20,11.29,11.16,11.5,10.9,274135.0,002237
2015-07-21,10.94,11.35,11.59,10.65,277104.0,002237
2015-07-22,11.12,11.12,11.38,10.92,201077.0,002237
2015-07-23,11.1,11.39,11.39,10.95,300468.0,002237
2015-07-24,11.32,11.13,11.74,11.0,371512.0,002237
2015-07-27,10.78,10.02,11.0,10.02,264735.0,002237
2015-07-28,9.81,10.16,10.28,9.24,283445.0,002237
2015-07-29,10.2,10.54,10.55,9.77,173776.0,002237
2015-07-30,10.4,9.85,10.54,9.83,181009.0,002237
2015-07-31,9.65,9.99,10.05,9.65,120463.0,002237
2015-08-03,10.0,10.53,10.55,9.84,201333.0,002237
2015-08-04,10.42,10.87,10.92,10.2,251209.0,002237
2015-08-05,10.69,10.41,10.81,10.36,167536.0,002237
2015-08-06,10.15,10.29,10.45,10.05,85109.0,002237
2015-08-07,10.39,10.5,10.59,10.31,137458.0,002237
2015-08-10,10.56,10.94,11.09,10.43,260575.0,002237
2015-08-11,11.0,12.03,12.03,10.9,623537.0,002237
2015-08-12,12.03,12.39,12.93,11.63,798571.0,002237
2015-08-13,12.38,12.32,12.71,12.0,476502.0,002237
2015-08-14,12.15,12.1,12.22,11.92,352299.0,002237
2015-08-17,12.05,12.26,12.32,11.9,267470.0,002237
2015-08-18,12.2,11.03,12.25,11.03,313588.0,002237
2015-08-19,10.8,11.17,11.24,10.05,265352.0,002237
2015-08-20,11.3,11.16,11.87,11.12,318163.0,002237
2015-08-21,11.6,11.09,11.8,11.08,330246.0,002237
2015-08-24,10.21,9.98,11.6,9.98,433363.0,002237
2015-08-25,9.02,8.98,10.06,8.98,317322.0,002237
2015-08-26,9.13,8.36,9.28,8.21,271888.0,002237
2015-08-27,8.31,8.62,9.0,8.01,187522.0,002237
2015-08-28,8.7,9.13,9.21,8.5,225957.0,002237
2015-08-31,9.0,8.71,9.04,8.59,161902.0,002237
2015-09-01,8.71,8.76,9.0,8.41,175682.0,002237
2015-09-02,8.18,8.84,8.9,8.1,198626.0,002237
2015-09-07,8.7,8.83,9.15,8.66,135583.0,002237
2015-09-08,8.71,9.09,9.09,8.51,109661.0,002237
2015-09-09,9.14,9.4,9.46,9.1,189539.0,002237
2015-09-10,9.14,8.96,9.27,8.9,124483.0,002237
2015-09-11,8.96,8.97,9.1,8.8,78328.0,002237
2015-09-14,8.98,8.24,9.14,8.07,165682.0,002237
2015-09-15,8.2,7.53,8.22,7.48,144985.0,002237
2015-09-16,7.56,8.18,8.25,7.56,106362.0,002237
2015-09-17,8.27,8.09,8.57,8.03,138472.0,002237
2015-09-18,8.28,8.18,8.42,8.01,79357.0,002237
2015-09-21,8.18,8.43,8.45,8.17,102770.0,002237
2015-09-22,8.44,8.5,8.57,8.32,110542.0,002237
2015-09-23,8.33,8.18,8.38,8.14,84344.0,002237
2015-09-24,8.28,8.62,8.65,8.26,138413.0,002237
2015-09-25,8.88,8.6,9.09,8.29,213806.0,002237
2015-09-28,8.39,8.5,8.54,8.21,96938.0,002237
2015-09-29,8.25,8.18,8.37,8.06,80719.0,002237
2015-09-30,8.28,8.23,8.29,8.13,50160.0,002237
2015-10-08,8.75,8.65,8.77,8.42,114499.0,002237
2015-10-09,8.59,8.89,9.08,8.52,187414.0,002237
2015-10-12,8.81,9.69,9.78,8.8,365500.0,002237
2015-10-13,9.4,9.49,9.54,9.28,231724.0,002237
2015-10-14,9.64,9.54,9.98,9.48,245034.0,002237
2015-10-15,9.86,9.99,10.0,9.71,280060.0,002237
2015-10-16,10.04,10.05,10.08,9.73,296246.0,002237
2015-10-19,9.96,9.78,10.07,9.68,191669.0,002237
2015-10-20,9.7,9.84,9.85,9.55,153438.0,002237
2015-10-21,9.88,9.63,10.16,9.2,299224.0,002237
2015-10-22,9.46,9.75,9.79,9.31,182867.0,002237
2015-10-23,9.73,10.09,10.1,9.54,222681.0,002237
2015-10-26,10.1,10.0,10.19,9.9,217725.0,002237
2015-10-27,9.91,9.87,9.99,9.45,152538.0,002237
2015-10-28,9.87,10.0,10.43,9.76,301307.0,002237
2015-10-29,9.88,9.81,9.98,9.68,172770.0,002237
2015-10-30,9.62,9.61,9.74,9.54,127858.0,002237
2015-11-02,9.5,9.37,9.6,9.36,88001.0,002237
2015-11-03,9.38,9.39,9.54,9.3,95569.0,002237
2015-11-04,9.33,9.73,9.76,9.33,159696.0,002237
2015-11-05,9.66,9.8,10.02,9.62,258176.0,002237
2015-11-06,9.76,10.23,10.23,9.75,269563.0,002237
2015-11-09,10.02,10.1,10.2,9.85,239039.0,002237
2015-11-10,10.06,10.49,10.69,9.93,377521.0,002237
2015-11-11,10.37,10.3,10.38,10.16,222978.0,002237
2015-11-12,10.2,10.2,10.51,10.19,224047.0,002237
2015-11-13,10.16,10.02,10.35,9.98,182704.0,002237
2015-11-16,10.31,10.72,10.72,10.1,350859.0,002237
2015-11-17,10.5,10.36,10.63,10.29,339746.0,002237
2015-11-18,10.26,10.2,10.32,10.1,141696.0,002237
2015-11-19,10.3,10.38,10.43,10.22,117578.0,002237
2015-11-20,10.47,10.42,10.54,10.31,175252.0,002237
2015-11-23,10.3,10.14,10.34,10.1,175944.0,002237
2015-11-24,10.08,10.27,10.3,9.98,125960.0,002237
2015-11-25,10.49,10.54,10.64,10.42,296988.0,002237
2015-11-26,10.35,10.42,10.65,10.29,225134.0,002237
2015-11-27,10.32,9.58,10.36,9.41,198428.0,002237
2015-11-30,9.54,9.41,9.63,8.95,157850.0,002237
2015-12-01,9.46,9.68,9.89,9.4,126767.0,002237
2015-12-02,9.62,9.63,9.76,9.32,107067.0,002237
2015-12-10,9.25,9.18,9.43,9.0,186648.0,002237
2015-12-11,9.08,9.24,9.37,8.9,135541.0,002237
2015-12-14,9.14,10.16,10.16,9.07,336716.0,002237
2015-12-15,9.96,10.03,10.14,9.81,258870.0,002237
2015-12-16,9.96,10.14,10.35,9.92,235531.0,002237
2015-12-17,10.3,10.21,10.31,10.02,253386.0,002237
2015-12-18,10.0,10.1,10.18,9.95,164812.0,002237
2015-12-21,10.17,10.25,10.3,10.1,152639.0,002237
2015-12-22,10.35,10.43,10.64,10.28,242025.0,002237
2015-12-23,10.3,10.13,10.38,10.1,149435.0,002237
2015-12-24,10.11,10.44,10.44,10.04,167846.0,002237
2015-12-25,10.44,10.35,10.52,10.23,123532.0,002237
2015-12-28,10.33,10.02,10.36,10.02,142517.0,002237
2015-12-29,9.97,10.16,10.17,9.93,85116.0,002237
2015-12-30,10.17,10.21,10.26,10.01,106069.0,002237
2015-12-31,10.11,9.98,10.15,9.98,83495.0,002237
